TeamID,TeamName,xG_Per_Shot,TiriManual,TiriPortaManual
542,Alaves,0.12,,
531,Athletic Club,0.11,,
530,Atletico Madrid,0.11,,
529,Barcelona,0.19,,
538,Celta Vigo,0.1,,
540,Espanyol,0.11,,
546,Getafe,0.08,,
535,Malaga,0.08,9.5,3.2
4665,Racing Santander,0.15,9.0,3.0
797,Elche,0.12,,
544,Deportivo La Coruna,0.1,10.0,3.4
727,Osasuna,0.15,,
728,Rayo Vallecano,0.11,,
543,Real Betis,0.1,,
541,Real Madrid,0.14,,
548,Real Sociedad,0.1,,
536,Sevilla,0.09,,
532,Valencia,0.1,,
539,Levante,0.13,,
533,Villarreal,0.15,,
